image,target
19_32.jpg,flower
64_32.jpg,flower
15_32.jpg,flower
68_32.jpg,flower
76_32.jpg,flower
23_32.jpg,flower
40_32.jpg,flower
31_32.jpg,flower
52_32.jpg,flower
85_32.jpg,flower
97_32.jpg,flower
89_32.jpg,flower
95_32.jpg,flower
99_32.jpg,flower
87_32.jpg,flower
2_32.jpg,flower
74_32.jpg,flower
17_32.jpg,flower
66_32.jpg,flower
78_32.jpg,flower
50_32.jpg,flower
33_32.jpg,flower
42_32.jpg,flower
21_32.jpg,flower
6_32.jpg,flower
83_32.jpg,flower
91_32.jpg,flower
46_32.jpg,flower
58_32.jpg,flower
25_32.jpg,flower
54_32.jpg,flower
29_32.jpg,flower
37_32.jpg,flower
62_32.jpg,flower
70_32.jpg,flower
13_32.jpg,flower
48_32.jpg,flower
35_32.jpg,flower
56_32.jpg,flower
27_32.jpg,flower
44_32.jpg,flower
39_32.jpg,flower
11_32.jpg,flower
72_32.jpg,flower
60_32.jpg,flower
8_32.jpg,flower
4_32.jpg,flower
93_32.jpg,flower
81_32.jpg,flower
1_32.jpg,flower
84_32.jpg,flower
88_32.jpg,flower
96_32.jpg,flower
100_32.jpg,flower
41_32.jpg,flower
22_32.jpg,flower
53_32.jpg,flower
30_32.jpg,flower
65_32.jpg,flower
18_32.jpg,flower
77_32.jpg,flower
69_32.jpg,flower
14_32.jpg,flower
32_32.jpg,flower
51_32.jpg,flower
20_32.jpg,flower
43_32.jpg,flower
16_32.jpg,flower
75_32.jpg,flower
79_32.jpg,flower
67_32.jpg,flower
3_32.jpg,flower
94_32.jpg,flower
86_32.jpg,flower
98_32.jpg,flower
63_32.jpg,flower
12_32.jpg,flower
71_32.jpg,flower
24_32.jpg,flower
59_32.jpg,flower
47_32.jpg,flower
36_32.jpg,flower
28_32.jpg,flower
55_32.jpg,flower
82_32.jpg,flower
90_32.jpg,flower
7_32.jpg,flower
92_32.jpg,flower
80_32.jpg,flower
9_32.jpg,flower
5_32.jpg,flower
73_32.jpg,flower
10_32.jpg,flower
61_32.jpg,flower
57_32.jpg,flower
34_32.jpg,flower
49_32.jpg,flower
38_32.jpg,flower
45_32.jpg,flower
26_32.jpg,flower
19_32.jpg,berry
64_32.jpg,berry
15_32.jpg,berry
68_32.jpg,berry
76_32.jpg,berry
23_32.jpg,berry
40_32.jpg,berry
31_32.jpg,berry
52_32.jpg,berry
85_32.jpg,berry
97_32.jpg,berry
89_32.jpg,berry
95_32.jpg,berry
99_32.jpg,berry
87_32.jpg,berry
2_32.jpg,berry
74_32.jpg,berry
17_32.jpg,berry
66_32.jpg,berry
78_32.jpg,berry
50_32.jpg,berry
33_32.jpg,berry
42_32.jpg,berry
21_32.jpg,berry
6_32.jpg,berry
83_32.jpg,berry
91_32.jpg,berry
46_32.jpg,berry
58_32.jpg,berry
25_32.jpg,berry
54_32.jpg,berry
29_32.jpg,berry
37_32.jpg,berry
62_32.jpg,berry
70_32.jpg,berry
13_32.jpg,berry
48_32.jpg,berry
35_32.jpg,berry
56_32.jpg,berry
27_32.jpg,berry
44_32.jpg,berry
39_32.jpg,berry
11_32.jpg,berry
72_32.jpg,berry
60_32.jpg,berry
8_32.jpg,berry
4_32.jpg,berry
93_32.jpg,berry
81_32.jpg,berry
1_32.jpg,berry
84_32.jpg,berry
88_32.jpg,berry
96_32.jpg,berry
100_32.jpg,berry
41_32.jpg,berry
22_32.jpg,berry
53_32.jpg,berry
30_32.jpg,berry
65_32.jpg,berry
18_32.jpg,berry
77_32.jpg,berry
69_32.jpg,berry
14_32.jpg,berry
32_32.jpg,berry
51_32.jpg,berry
20_32.jpg,berry
43_32.jpg,berry
16_32.jpg,berry
75_32.jpg,berry
79_32.jpg,berry
67_32.jpg,berry
3_32.jpg,berry
94_32.jpg,berry
86_32.jpg,berry
98_32.jpg,berry
63_32.jpg,berry
12_32.jpg,berry
71_32.jpg,berry
24_32.jpg,berry
59_32.jpg,berry
47_32.jpg,berry
36_32.jpg,berry
28_32.jpg,berry
55_32.jpg,berry
82_32.jpg,berry
90_32.jpg,berry
7_32.jpg,berry
92_32.jpg,berry
80_32.jpg,berry
9_32.jpg,berry
5_32.jpg,berry
73_32.jpg,berry
10_32.jpg,berry
61_32.jpg,berry
57_32.jpg,berry
34_32.jpg,berry
49_32.jpg,berry
38_32.jpg,berry
45_32.jpg,berry
26_32.jpg,berry
